model,RMSE,MAE,R2,Correlation
IM4_qrisk_retfeat,12.195096483242907,9.600790488257173,0.07698415379529222,0.3877903557934972
T1_base,12.234803136005512,9.877628346637106,0.0709637775130173,0.4204976748081172
IM1_base,12.451253433173537,9.705435436726555,0.03780117679664352,0.42155106792263264
I1_base,12.641819850364545,9.747585588771786,0.008122885060844687,0.42168456655079956
